codigo,nome
26404,"Instituto Federal de Educação, Ciência e Tecnologia Baiano"
26427,"Instituto Federal de Educação, Ciência e Tecnologia da Bahia"
26417,"Instituto Federal de Educação, Ciência e Tecnologia da Paraíba"
26402,"Instituto Federal de Educação, Ciência e Tecnologia de Alagoas"
26418,"Instituto Federal de Educação, Ciência e Tecnologia de Pernambuco"
26423,"Instituto Federal de Educação, Ciência e Tecnologia de Sergipe"
26405,"Instituto Federal de Educação, Ciência e Tecnologia do Ceará"
26408,"Instituto Federal de Educação, Ciência e Tecnologia do Maranhão"
26431,"Instituto Federal de Educação, Ciência e Tecnologia do Piauí"
26435,"Instituto Federal de Educação, Ciência e Tecnologia do Rio Grande do Norte"
26430,"Instituto Federal de Educação, Ciência e Tecnologia do Sertão de Pernambuco"
